tweet,sentiment_polarity,sentiment_subjectivity
|Bon les soi disantes phrases de Robert Mugabe, est ce que c'est  réellement  lui ?|,0.0,0.0
|RT @lebomashile: If Mugabe was white, he could step down like De Klerk &amp; enjoy the perks of making big $$$ on the speaking circuit instead…|,0.06111111111111111,0.22222222222222224
|RT @lebomashile: De Klerk was the head of a corrupt, illegitimate and murderous regime. Mugabe is an asshole, but de Klerk gets to be a glo…|,-0.5,1.0
RT @arthurtotally: Mugabe will finish us one day https://t.co/IlnA394ecS,0.0,0.0
|RT @lebomashile: De Klerk was the head of a corrupt, illegitimate and murderous regime. Mugabe is an asshole, but de Klerk gets to be a glo…|,-0.5,1.0
|RT @lebomashile: If Mugabe was white, he could step down like De Klerk &amp; enjoy the perks of making big $$$ on the speaking circuit instead…|,0.06111111111111111,0.22222222222222224
|RT @robkowa: If Mugabe were not corrupt and murderous, he could step down and enjoy perks of making big $ on the speaking circuit. 
Fixed i…|,0.11888888888888889,0.4177777777777778
|Zimbabwe’s Mugabe: ‘We Are Not a Poor Country, I Call America Fragile’:
https://t.co/cF1Rw0ofKp|,0.1,0.55
|De Klerk was the head of a corrupt, illegitimate and murderous regime. Mugabe is an asshole, but de Klerk gets to b… https://t.co/6C1aPrSnaW|,-0.5,1.0
RT @vac_radio: Robert Mugabe assure que le Zimbabwe est le pays “le plus développé” d’Afrique https://t.co/er3ipwTI7u https://t.co/Xqi4oEvu…,0.0,0.0
|If Mugabe were not corrupt and murderous, he could step down and enjoy perks of making big $ on the speaking circui… https://t.co/ZJa8e8aFJq|,0.12361111111111112,0.47222222222222227
RT @ikeanya: We all have challenges not just Buhari or Mugabe or Trump or Brexit challenges. How do we turn into opportunities @DrNelsonO #…,0.0,0.0
|RT @lebomashile: If Mugabe was white, he could step down like De Klerk &amp; enjoy the perks of making big $$$ on the speaking circuit instead…|,0.06111111111111111,0.22222222222222224
|South-African Assassin Plots To Kill Mugabe || ZimEye https://t.co/WJa2fhHAN2 via @ZimEye|,0.0,0.0
|RT @RFIAfrique: Pour Mugabe, le Zimbabwe est le 2e Etat le plus développé d'Afrique https://t.co/3QIhuLj3zT https://t.co/eQLzcmyUFB|,0.0,0.0
